"benoît hamon, Herr Minister, dieser Text ist Ihr Projekt."
dieser Kampf findet auf zwei Ebenen statt.
nach und nach mobilisieren sie Mittel.
"wenn es Einstimmigkeit darüber gibt, den Umfang zu erhöhen, werden wir das tun."
in frankreich wäre der status quo inakzeptabel.
"ein Rückgang ist ein Rückgang und ein Anstieg, selbst ein mäßiger Anstieg, ist ein Anstieg."
"dies umfasst insbesondere die Gemeinden, in denen einer der beiden Ehegatten seinen Wohnsitz hat."
die Arbeitslosigkeit erreichte einen Rekordstand.
"kann man dies tun, wenn dieser Grundsatz als Gegenstück zu einem anderen Grundsatz auf derselben Ebene kommt."
müssen wir es wie ein neu entstehendes Feuer pflegen und begleiten.
seit Monaten geht es mit der französischen Viehzucht bergab.
"diese Entscheidungen haben ein Ziel, eine Priorität: die Sicherung der Voraussetzungen für unsere Unabhängigkeit."
wir werden nun die zuvor reservierten Artikel sechs bis acht prüfen.
aber diese Geschichte auf die Spitze zu treiben...
"ich erlaube mir, auf diesen ersten nützlichen Effekt hinzuweisen."
"der Generalberichterstatter antwortete mir, dass dies der Fall sei, da es keine anderslautende Bestimmung gibt."
"wir wissen, dass es eine Reihe von Hemmnissen gibt."
diese Datei wird in erster Linie die Suche nach Filialnetzwerken erleichtern.
die Elsässer haben es faustdick hinter den Ohren.
wie jeder Angeklagte muss auch für ihn die Unschuldsvermutung gelten.
"Sie haben einen schweren Fehler begangen, Frau Ministerin!"
"Sie erklären dort nämlich, dass es zu Rechtsstreitigkeiten gekommen ist."
"liebe kollegen, der lyon-turin ist eine chance für den schutz der alpen..."
"ich habe gesehen, dass der Kollege tourret um das Wort gebeten hat."
einige könnten die Erstellung eines europäischen Weißbuchs vorgeschlagen haben.
dieser Bewertungsauftrag bezieht sich nicht auf den Standort Hazebrouck.
ich habe auch viel Nostalgie gehört.
"sie arbeiten, sie träumen, sie leiden, sie lieben, genau wie ihre Landsleute."
"verbergen Sie Ihre Freude, Herr Minister!"
es muss eine ehrgeizige Politik für den Bau von Sozialwohnungen eingeleitet werden.
die Gesamtheit der großen Verbände braucht die Unterstützung aller.
"diese Regierung hat beschlossen, Marseille zu einer Priorität zu machen."
sind die Abwägungen umso wichtiger.
ich bin Abgeordneter des Departements Haute-Garonne.
"das Wort hat Herr frédéric reiss, um den Änderungsantrag Nummer einundachtzig zu unterstützen."
Drei Schlägereien führten in dieser Woche zu schweren Gewalttätigkeiten.
"was auch ein wenig schmerzhaft ist, sind die Worte, die in dieser Debatte verwendet werden."
dennoch müssen wir ganz klar voranschreiten.
"ich habe meine Kollegen immer respektiert, wenn sie in der Opposition waren."
am ersten Oktober zweitausendzwölfhundertfünfundsiebzig Prozent waren.
dies hat ihre Funktionsfähigkeit in keiner Weise beeinträchtigt.
"das ""Messen mit zweierlei Maß"" ist nicht mehr möglich."
so steht es in den geltenden Texten.
legen Sie einen Schwellenwert von eintausendzweihundert Euro fest.
"ehrlich gesagt, wäre die Debatte von ziemlich schlechter Qualität..."
diese Bestimmung erfüllt den Zweck des Artikels.
Diese beinhalten auch die Ehefreiheit.
"das Wort hat Herr philippe bies für die Fraktion der Sozialisten, Republikaner und Bürger."
"schließlich die Art und Weise, wie bertrand fragonard..."
"welche Verschwendung, Frau Siegelbewahrerin!"
er wird eine strikt auf technische Beratung beschränkte Rolle spielen.
"ich teile Ihre Ansicht, dass es in diesem Bereich nie Gewissheit gibt."
die vorgeschlagene Dauer beträgt ein bis drei Jahre.
"bravo an diejenigen, die diesen Artikel verfasst haben!"
wir glauben weder an mechanische und automatische noch an blinde Gerechtigkeit.
zunächst betrachten wir den Kontext der Verhandlungen.
die zweite Hälfte des Weges liegt noch vor uns.
"in der Tat enthielt der ursprüngliche Entwurf nur vier Artikel, die den Überseegebieten gewidmet waren."
"Nun, ich habe es herausgeholt, und auch hier spielen wir mit der Transparenz."
"frankreich steht still, die arbeitslosigkeit bricht alle rekorde."
gewiss baute sie ihre Argumentation auf ihrem liberalen Ansatz auf...
das Wort hat Frau Françoise Dubois.
ich begrüße alle Kolleginnen und Kollegen für ihre Investitionen in diese Themen.
haben wir die Fragestunde mit Fragen an die Regierung zu europäischen Themen beendet.
Daraufhin wird die Plenarversammlung des Kassationsgerichts angerufen.
handelt es sich um das gütliche Verfahren.
neun Millionen Menschen sind davon betroffen.
"nach claude goasguen, nach christian jacob, frage ich Sie noch einmal."
diese Realität betrifft mehr als drei Komma drei Millionen unserer Landsleute.
es geht um die Versorgungssicherheit und die französische Flagge.
Sie hat diesen Kampf bis vor den Verfassungsrat getragen.
"es ist vor allem eine großartige Gelegenheit, unseren Blick auf unsere älteren Mitmenschen zu ändern."
"liebe Kolleginnen und Kollegen, ich schlage vor, dass sich alle wieder beruhigen."
ich werde mich in meinen nächsten Beiträgen aus diesem Grund kürzer fassen.
die Frist von fünfzehn Tagen ist es daher auch.
"und ich habe in Ihren Worten eher den dringenden Wunsch verspürt, diese Debatte fortzusetzen."
die Rollen und Rechte aller Beteiligten müssen in der Tat besser geregelt werden.
dies ist auf das Pariser Wahlverfahren zurückzuführen.
das Wort hat Frau sophie ion.
eine solche Entscheidung wird unsere Landsleute schockieren.
zwei dieser riskanten Annahmen werden daher evakuiert.
"dieser Grenzstein, er ist immer noch da."
"das ist es, was bei dieser Namensänderung auf dem Spiel steht und was gefährlich ist."
von nun an muss sie dem Staat und der Sozialversicherung Vorschüsse zahlen.
"Sie waren die Erste, die gesagt hat, dass die Dinge in Kollegialität geschehen müssen."
das Wort hat Herr christian jacob für eine Bemerkung zur Geschäftsordnung.
kommen wir nun zum heutigen Gesetzentwurf.
das Wort hat Herr jean-claude mathis.
Sie kennen sich also gut mit diesen Themen aus.
dreimal hintereinander eine Verdoppelung der Lehrlingsausbildung versprochen hat! dreimal ja.
werde ich meine Ausführungen um vier Ideen herum gliedern.
Es handelt sich hierbei lediglich um eine politische Darstellung.
die regionalen Sparkassen organisieren ihrerseits das Sparen.
"wenn eine Regierung dies nicht tun würde, wäre dies immer noch ziemlich erbärmlich."
mein Tonfall wird sich ein wenig ändern.
"ja frankreich leidet, frankreich schimpft."
drei Überlegungen scheinen mir zu diesem Thema wieder aufzutauchen.
"einige hier, wie z. B. Herr Dominique Lefebvre, haben an den Debatten teilgenommen."
"dies ist also ein Haushalt, in dem die Steuern erhöht werden."
dieses Thema beschäftigt die Abgeordneten sehr.
der Hohe Rat wird sich auf der Grundlage des Programmgesetzes äußern.
"Nun, ja, wir müssen die Debatte nationalisieren."
offensichtlich braucht der Europaabgeordnete eine lokale Verbundenheit.
diese Quotenthese gehört in den Bereich der Fantasie.
"mit dem Wort ""Präfekt"", das ist Ihr zweites Gimmick."
das Wort hat Herr Yves Albarello.
auch hier sind mehrere Fortschritte zu verzeichnen.
"es ändert nichts daran, dass unsere Abgeordneten inhaltlich in einem bestimmten Gebiet angesiedelt sein müssen."
einige funktionieren mehr oder weniger gut.
werde ich ihm eine ganz einfache Sache sagen.
wir haben vorhin über Menschen mit Behinderungen und Senioren gesprochen.
sie zwingt ihn nicht dazu.
wir werden daher für dieses Haushaltskollektiv stimmen.
in Bezug auf die europäische Außenpolitik hat sich Kroatien bereits stark engagiert.
"werden Sie es schon im Herbst hören, glauben Sie mir!"
diese Projekte stehen in der Auflistung des Grenelle-Gesetzes an prominenter Stelle.
"man kann nur hoffen, dass diese Garantie relativ schnell aufgehoben werden kann."
es handelt sich nicht um ein Amalgam!
Wasserkraft ist zunächst einmal eine ganz eigene Energieform.
"Fahrenden steht es frei, eine nomadische Lebensweise zu wählen."
alle Kommissionsmitglieder trafen sich viele Stunden.
diese jungen Mädchen brauchen Begleitung und Prävention.
"was die Kohärenz betrifft, so werde ich mich kurz fassen, da sie so offensichtlich ist."
das Datum des ersten Januar zweitausendvierzehn ist zu nah.
"das Wort hat Herr yves foulon, um den Änderungsantrag Nummer sechshundertneunzehn zu unterstützen."
wurde ich persönlich von zwei Tatsachen tief beeindruckt.
wir haben bereits zahlreiche Warnungen erhalten.
sie haben eine großartige Arbeit geleistet.
"wir sind bereit, uns zu lieben!"
sind wir bei dreißigtausend Arbeitslosen pro Monat.
"es handelt sich um ein zentrales Anliegen der Regierung, die Ihre Sorgen teilt."
das Wort hat Herr guy-michel chauveau.
wer hat es auf europäischer Ebene initiiert?
jeder ist natürlich für die Parität.
hat sie den Lauf der Geschichte verändert?
"drei große Probleme miteinander verwoben sind, die politischer, sicherheitspolitischer und humanitärer Natur sind."
"dann ja, die neutrale Packung ist eine notwendige Innovation."
"ich freue mich darauf, Herr Minister."
in china gibt es eine ganz bestimmte Geisel: den Wein.
so spielt Marokko in der Libyen-Frage eine konstruktive Rolle.
die eigentliche Schwierigkeit liegt in der verstrichenen Zeit.
"dies entspricht einer Berufung, da die Arbeit im öffentlichen Krankenhaus sehr schwierig ist."
"wäre dies ein echtes Recht, wenn auch nur ein wenig aufgeschoben."
schließlich erwähnten Sie eine zu volle gesetzgeberische Agenda.
kehre ich zum eigentlichen Thema zurück.
auf welche Grundlage stützen Sie sich?
wird sich für sie nichts ändern.
"das Gleiche gilt für Energie: Man kann sie nutzen, ohne in die Verschwendung zu gehen."
"sie wollen dieses volk nicht hören, aber seine empörung steigt."
"natürlich haben Sie Recht, es gibt rote Linien, und wir verteidigen sie auch."
unser kollege jean launay hat ihn bereits verteidigt.
"Gott sei Dank bin ich mir heute bewusst, dass das ein Vorteil ist."
"ich weiß, dass Ihnen nichts Angst macht, aber dennoch sind die Mauern von bercy hoch."
sprechen wir hier von der Normenhierarchie der Planungsdokumente.
"jeder ist dazu berufen, aber in Fairness."
"zahlreich und umfangreich, nicht alle konnten übernommen werden."
"Zitat: es ""bleibt also der Anteil Ausrüstung."""
die position von jean-claude gaudin und der stadtverwaltung von marseille ist unmissverständlich.
"schlage ich daher mit diesem Änderungsantrag vor, die Vermittler in den Kreislauf einzubeziehen."
eine Reihe von Beispielen wurden vorhin von unserem Kollegen gagnaire angeführt.
frankreich verdient ein ganz anderes Projekt.
dieser Kampf ist der Kampf einer ganzen Generation.
"das Wort hat Herr philippe gomes, um den Änderungsantrag Nummer einhundertelf zu unterstützen."
der Zufall ist hier die Begegnung mit einem Stalker...
"ich sage es Ihnen so, wie ich es meine."
wir werden zu gegebener Zeit dazu kommen.
"diese neue Tranche wird absolut nichts bringen, ganz im Gegenteil."
dieser Weg führt meiner Meinung nach zum Totalitarismus.
"im Grunde genommen, auf welchen Kurs vertrauten Sie zweitausenddreizehn?"
ein Punkt wird automatisch zu zwei Punkten führen.
sie kann sich der Solidarität ihrer europäischen Nachbarn nicht sicher sein.
"kurz, es geht, es kommt!"
